# lmnn, lsml, rca, lfda, ldml, lmnn lsml, lmnn rca, lmnn lfda, lmnn ldml, lsml rca, lsml lfda, lsml ldml, rca lfda, rca ldml, lfda ldml, lmnn lsml rca, lmnn lsml lfda, lmnn lsml ldml, lmnn rca lfda, lmnn rca ldml, lmnn lfda ldml, lsml rca lfda, lsml rca ldml, lsml lfda ldml, rca lfda ldml, lmnn lsml rca lfda, lmnn lsml rca ldml, lmnn lsml lfda ldml, lmnn rca lfda ldml, lsml rca lfda ldml, lmnn lsml rca lfda ldml, all, svm
8.447204968944099335e+01
8.416149068322981464e+01
8.509316770186335077e+01
8.509316770186335077e+01
8.509316770186335077e+01
8.478260869565217206e+01
8.260869565217390686e+01
8.571428571428570820e+01
8.509316770186335077e+01
8.509316770186335077e+01
8.571428571428570820e+01
8.260869565217390686e+01
8.664596273291925854e+01
8.540372670807452948e+01
8.354037267080745721e+01
