{"lsml": 2.4462918136602205, "rca": 2.6291179877127018, "lfda": 2.6457314367029512, "lmnn": 2.6796949753470858, "ldml": 2.9292871741458391}